{"cameraMode":{"drawMode":0,"name":"Shaded","section":"Shading Mode"},"sceneLighting":false,"audioPlay":false,"sceneViewState":{"showFog":false,"showMaterialUpdate":false,"showSkybox":false,"showFlares":false,"showImageEffects":false,"showParticleSystems":false},"in2DMode":false,"pivot":{"x":-7.825405597686768,"y":-9.586591720581055,"z":52.24163818359375},"rotation":{"x":0.08231674134731293,"y":-0.23038692772388459,"z":0.0202257689088583,"w":0.9694288372993469},"size":16.63140106201172,"orthographic":false}