{"cameraMode":{"drawMode":0,"name":"Shaded","section":"Shading Mode"},"sceneLighting":true,"audioPlay":false,"sceneViewState":{"showFog":false,"showMaterialUpdate":false,"showSkybox":false,"showFlares":false,"showImageEffects":false,"showParticleSystems":false},"in2DMode":false,"pivot":{"x":5.923791885375977,"y":-3.2752561569213869,"z":55.11806869506836},"rotation":{"x":-0.06301682442426682,"y":0.0717347115278244,"z":-0.0051317233592271809,"w":-0.9954634308815002},"size":52.341461181640628,"orthographic":false}